"Rank","Week","Offense","Defense","Week","Date","Quarter","Time","Down","Distance","Description","Box Scores"
"","18.00","CHI","GB","18","2024-01-07","4","7:56","4","5","(7:56) (Shotgun) PENALTY on GB-52-R.Gary, Defensive Offside, 5 yards, enforced at GB 43 - No Play.","Box Score"
"","18.00","HOU","IND","18","2024-01-06","2","7:58","4","1","(7:58) (No Huddle) PENALTY on HOU-78-L.Tunsil, False Start, 5 yards, enforced at 50 - No Play.","Box Score"
"","18.00","PHI","NYG","18","2024-01-07","3","11:45","4","8","(11:45) (Shotgun) PENALTY on PHI, Delay of Game, 5 yards, enforced at NYG 39 - No Play.","Box Score"
"","18.00","IND","HOU","18","2024-01-06","1","9:19","4","4","(9:19) (No Huddle, Shotgun) PENALTY on IND, Delay of Game, 5 yards, enforced at HOU 14 - No Play.","Box Score"
"","18.00","PIT","BAL","18","2024-01-06","1","0:05","4","3","(:05) 6-P.Harvin punts 49 yards to BAL 7, Center-46-C.Kuntz, downed by PIT-42-J.Pierre. PENALTY on PIT, Offensive Too Many Men on Field, 5 yards, enforced at PIT 44 - No Play.","Box Score"
"","18.00","NO","ATL","18","2024-01-07","4","6:39","4","5","(6:39) (Punt formation) PENALTY on NO-49-Z.Wood, False Start, 5 yards, enforced at NO 24 - No Play.","Box Score"
"","18.00","BAL","PIT","18","2024-01-06","2","7:47","4","7","(7:47) 11-J.Stout punts 49 yards to PIT 4, Center-69-T.Ott, downed by BAL-18-L.Treadwell. PENALTY on BAL-30-T.Simpson, Ineligible Downfield Kick, 6 yards, enforced at BAL 47 - No Play.","Box Score"
"","18.00","MIN","DET","18","2024-01-07","2","14:13","4","6","(14:13) (Shotgun) 12-N.Mullens scrambles left end to DET 44 for 6 yards (34-A.Anzalone). PENALTY on DET-29-K.Vildor, Illegal Contact, 5 yards, enforced at DET 44.","Box Score"
"","18.00","CIN","CLE","18","2024-01-07","3","7:41","4","4","(7:41) (Shotgun) PENALTY on CLE-96-J.Elliott, Neutral Zone Infraction, 5 yards, enforced at CLE 40 - No Play.","Box Score"
"","17.00","MIA","BAL","17","2023-12-31","4","0:39","4","1","(:39) (Shotgun) PENALTY on MIA-71-Ki.Smith, False Start, 4 yards, enforced at MIA 34 - No Play.","Box Score"
"","17.00","MIA","BAL","17","2023-12-31","2","0:15","4","1","(:15) (Shotgun) 1-T.Tagovailoa pass short left to 10-T.Hill ran ob at BAL 45 for 7 yards (10-A.Maulet). PENALTY on MIA-11-C.Wilson, Offensive Pass Interference, 10 yards, enforced at MIA 48 - No Play.","Box Score"
"","17.00","BAL","MIA","17","2023-12-31","3","6:10","4","2","(6:10) (Run formation) PENALTY on BAL, Delay of Game, 5 yards, enforced at BAL 45 - No Play.","Box Score"
"","17.00","LV","IND","17","2023-12-31","3","11:43","4","7","(11:43) 6-A.Cole punts 51 yards to end zone, Center-50-J.Bobenmoyer, Touchback. PENALTY on IND-45-E.Speed, Roughing the Kicker, 15 yards, enforced at LV 49 - No Play.","Box Score"
"","17.00","LV","IND","17","2023-12-31","3","11:49","4","2","(11:49) (Punt formation) PENALTY on LV, Delay of Game, 5 yards, enforced at IND 46 - No Play.","Box Score"
"","17.00","NYJ","CLE","17","2023-12-28","4","10:56","4","1","(10:56) (No Huddle, Shotgun) 14-T.Siemian right guard to CLE 26 for no gain (96-J.Elliott). The Replay Official reviewed the too many players on field ruling, and the play was REVERSED. (No Huddle, Shotgun) 14-T.Siemian right guard to CLE 26 for no gain (96-J.Elliott). PENALTY on CLE, Defensive Too Many Men on Field, 6 yards, enforced at CLE 26 - No Play.","Box Score"
"","17.00","DEN","LAC","17","2023-12-31","4","12:52","4","1","(12:52) 75-Q.Bailey reported in as eligible.  4-J.Stidham pass incomplete deep right to 10-J.Jeudy (32-A.Gilman). PENALTY on LAC-32-A.Gilman, Defensive Pass Interference, 28 yards, enforced at LAC 29 - No Play.","Box Score"
"","17.00","HOU","TEN","17","2023-12-31","1","1:18","4","5","(1:18) 11-C.Johnston punts 59 yards to TEN 30, Center-46-J.Weeks. 12-M.Kinsey to TEN 34 for 4 yards (17-K.Boyd). PENALTY on TEN-42-C.Murphy, Running Into the Kicker, 5 yards, enforced at HOU 11 - No Play.","Box Score"
"","17.00","NE","BUF","17","2023-12-31","3","3:09","4","9","(3:09) (Field Goal formation) PENALTY on NE, Delay of Game, 5 yards, enforced at BUF 34 - No Play.","Box Score"
"","17.00","DEN","LAC","17","2023-12-31","1","3:58","4","2","(3:58) (Run formation) PENALTY on DEN, Delay of Game, 5 yards, enforced at LAC 8 - No Play.","Box Score"
"","17.00","PHI","ARI","17","2023-12-31","1","1:38","4","1","(1:38) (No Huddle) 1-J.Hurts up the middle to ARI 18 for 2 yards (18-B.Ojulari). PENALTY on ARI-92-K.Strong, Defensive Offside, 6 yards, enforced at ARI 20 - No Play.","Box Score"
"","17.00","DET","DAL","17","2023-12-30","4","12:21","4","3","(12:21) (Run formation) PENALTY on DET, Delay of Game, 5 yards, enforced at DAL 7 - No Play.","Box Score"
"","17.00","NYJ","CLE","17","2023-12-28","3","9:31","4","8","(9:31) (Field Goal formation) PENALTY on NYJ, Delay of Game, 5 yards, enforced at CLE 8 - No Play.","Box Score"
"","17.00","NYJ","CLE","17","2023-12-28","4","13:35","4","6","(13:35) (Shotgun) PENALTY on NYJ, Delay of Game, 5 yards, enforced at CLE 39 - No Play.","Box Score"
"","17.00","NO","TB","17","2023-12-31","4","3:51","4","1","(3:51) (Field Goal formation) PENALTY on NO-75-A.Peat, False Start, 5 yards, enforced at TB 15 - No Play.","Box Score"
"","17.00","IND","LV","17","2023-12-31","4","3:20","4","5","(3:20) 7-M.Gay 50 yard field goal is No Good, Hit Right Upright, Center-46-L.Rhodes, Holder-8-R.Sanchez. PENALTY on LV-18-J.Jones, Defensive Offside, 4 yards, enforced at LV 31 - No Play.","Box Score"
"","17.00","LV","IND","17","2023-12-31","2","7:12","4","1","(7:12) (Run formation) PENALTY on LV, Delay of Game, 5 yards, enforced at IND 43 - No Play.","Box Score"
"","17.00","LV","IND","17","2023-12-31","1","0:02","4","1","(:02) (Run formation) PENALTY on LV-72-J.Eluemunor, False Start, 4 yards, enforced at IND 38 - No Play.","Box Score"
"","17.00","NYG","LA","17","2023-12-31","2","0:04","4","14","(:04) 21-M.Crosby 45 yard field goal is BLOCKED (18-B.Skowronek), Center-59-C.Kreiter, Holder-6-J.Gillan. PENALTY on LA-18-B.Skowronek, Leaping, 14 yards, enforced at LA 27 - No Play.","Box Score"
"","16.00","CLE","HOU","16","2023-12-24","4","12:56","4","5","(12:56) (Shotgun) 15-J.Flacco pass short right to 2-A.Cooper pushed ob at HOU 2 for 11 yards (24-D.Stingley). PENALTY on HOU-25-D.King, Unnecessary Roughness, 1 yard, enforced at HOU 2.","Box Score"
"","16.00","NYG","PHI","16","2023-12-25","3","7:42","4","4","(7:42) (Shotgun) PENALTY on NYG-61-J.Schmitz, False Start, 5 yards, enforced at PHI 45 - No Play.","Box Score"
"","16.00","NYG","PHI","16","2023-12-25","2","7:36","4","5","(7:36) 6-J.Gillan punts 39 yards to PHI 19, Center-59-C.Kreiter. 18-B.Covey to PHI 24 for 5 yards (59-C.Kreiter). PENALTY on PHI-98-J.Carter, Defensive Offside, 4 yards, enforced at NYG 42 - No Play.","Box Score"
"","16.00","PHI","NYG","16","2023-12-25","2","14:56","4","5","(14:56) (Field Goal formation) PENALTY on PHI, Delay of Game, 5 yards, enforced at NYG 5 - No Play.","Box Score"
"","16.00","SF","BAL","16","2023-12-25","4","1:23","4","12","(1:23) (Shotgun) PENALTY on SF-74-S.Burford, False Start, 5 yards, enforced at BAL 12 - No Play.","Box Score"
"","16.00","BAL","SF","16","2023-12-25","3","2:47","4","1","(2:47) (Field Goal formation) PENALTY on BAL, Delay of Game, 5 yards, enforced at SF 1 - No Play.","Box Score"
"","16.00","SF","BAL","16","2023-12-25","1","6:57","4","1","(6:57) 13-B.Purdy sacked at BAL 46 for -13 yards (44-M.Humphrey). PENALTY on BAL-28-R.Darby, Defensive Holding, 5 yards, enforced at BAL 33 - No Play.","Box Score"
"","16.00","WAS","NYJ","16","2023-12-24","1","12:04","4","20","(12:04) (Punt formation) PENALTY on WAS-34-C.Holmes, False Start, 5 yards, enforced at WAS 15 - No Play.","Box Score"
"","16.00","SEA","TEN","16","2023-12-24","2","0:54","4","14","(:54) (Punt formation) PENALTY on SEA, Delay of Game, 5 yards, enforced at TEN 43 - No Play.","Box Score"
"","16.00","NE","DEN","16","2023-12-24","4","1:58","4","11","(1:58) 17-B.Baringer punts 76 yards to end zone, Center-49-J.Cardona, Touchback. PENALTY on NE-45-C.Board, Player Out of Bounds on Kick, 5 yards, enforced at NE 24 - No Play.","Box Score"
"","16.00","JAX","TB","16","2023-12-24","3","9:26","4","8","(9:26) (Shotgun) PENALTY on JAX, Delay of Game, 5 yards, enforced at TB 35 - No Play.","Box Score"
"","16.00","TB","JAX","16","2023-12-24","2","4:50","4","5","(4:50) (Shotgun) 6-B.Mayfield pass incomplete deep middle to 13-M.Evans (32-Ty.Campbell). PENALTY on JAX-5-A.Cisco, Roughing the Passer, 15 yards, enforced at JAX 34 - No Play.","Box Score"
"","16.00","ATL","IND","16","2023-12-24","2","6:09","4","5","(6:09) 6-Y.Koo 49 yard field goal is No Good, Hit Right Upright, Center-49-L.McCullough, Holder-13-B.Pinion. PENALTY on IND-37-A.Speed, Defensive Offside, 4 yards, enforced at IND 31 - No Play.","Box Score"
"","16.00","CAR","GB","16","2023-12-24","4","12:51","4","4","(12:51) (Punt formation) PENALTY on CAR, Delay of Game, 5 yards, enforced at CAR 43 - No Play.","Box Score"
"","16.00","HOU","CLE","16","2023-12-24","4","0:38","4","10","(:38) (Shotgun) 10-D.Mills pass short right to 86-D.Schultz to CLE 48 for 5 yards (37-Da.Bell). PENALTY on CLE-95-M.Garrett, Defensive Offside, 5 yards, enforced at HOU 47 - No Play.","Box Score"
"","16.00","BUF","LAC","16","2023-12-23","4","9:28","4","30","(9:28) (Punt formation) PENALTY on BUF-33-S.Neal, False Start, 2 yards, enforced at BUF 5 - No Play.","Box Score"
"","16.00","ARI","CHI","16","2023-12-24","4","7:36","4","2","(7:36) (Shotgun) 1-K.Murray pass incomplete deep left to 85-T.McBride. PENALTY on CHI-9-J.Brisker, Defensive Holding, 5 yards, enforced at CHI 48 - No Play.","Box Score"
"","16.00","NYJ","WAS","16","2023-12-24","2","5:17","4","3","(5:17) (Punt formation) PENALTY on WAS-26-T.Castro-Fields, Encroachment, 5 yards, enforced at NYJ 36 - No Play.","Box Score"
"","16.00","SF","BAL","16","2023-12-25","3","13:29","4","5","(13:29) (Punt formation) PENALTY on SF-36-J.McNichols, False Start, 5 yards, enforced at SF 30 - No Play.","Box Score"
"","16.00","CAR","GB","16","2023-12-24","1","13:25","4","8","(13:25) 10-J.Hekker punts 55 yards to GB 28, Center-44-J.Jansen. 25-K.Nixon to GB 48 for 20 yards (21-J.Chinn; 42-S.Franklin). CAR-90-A.Barno was injured during the play.  PENALTY on GB-90-L.Van Ness, Roughing the Kicker, 15 yards, enforced at CAR 17 - No Play.","Box Score"
"","16.00","DET","MIN","16","2023-12-24","4","2:50","4","13","(2:50) 3-J.Fox punts 52 yards to MIN 7, Center-43-J.McQuaide, downed by DET-13-C.Reynolds. PENALTY on DET-59-T.Nowaske, Illegal Formation, 5 yards, enforced at DET 41 - No Play.","Box Score"
"","16.00","DAL","MIA","16","2023-12-24","4","4:23","4","4","(4:23) (Shotgun) 4-D.Prescott pass incomplete short right to 9-K.Turpin. PENALTY on MIA-21-D.Elliott, Defensive Pass Interference, 3 yards, enforced at MIA 4 - No Play. Penalty on MIA-25-X.Howard, Defensive Pass Interference, declined.","Box Score"
"","16.00","CLE","HOU","16","2023-12-24","1","1:58","4","7","(1:58) 13-C.Bojorquez punts 46 yards to HOU 8, Center-47-C.Hughlett, fair catch by 2-R.Woods. PENALTY on CLE-88-H.Bryant, Offensive Holding, 10 yards, enforced at CLE 46 - No Play.","Box Score"
"","16.00","CHI","ARI","16","2023-12-24","2","2:00","4","4","(2:00) 16-T.Gill punts 52 yards to ARI 17, Center-48-P.Scales, downed by CHI-31-Ja.Jones. PENALTY on CHI-31-Ja.Jones, Illegal Touch Kick, 5 yards, enforced at CHI 31 - No Play.","Box Score"
"","15.00","ATL","CAR","15","2023-12-17","2","13:10","4","5","(13:10) (Punt formation) PENALTY on ATL-29-M.Abernathy, False Start, 5 yards, enforced at ATL 22 - No Play.","Box Score"
"","15.00","WAS","LA","15","2023-12-17","4","2:31","4","7","(2:31) (Shotgun) 12-J.Brissett pass incomplete short left to 17-T.McLaurin. PENALTY on LA-1-D.Kendrick, Defensive Pass Interference, 6 yards, enforced at LA 7 - No Play.","Box Score"
"","15.00","NYG","NO","15","2023-12-17","1","13:30","4","1","(13:30) 6-J.Gillan punts 57 yards to NO 9, Center-59-C.Kreiter, fair catch by 22-R.Shaheed. PENALTY on NO-48-J.Gray, Running Into the Kicker, 6 yards, enforced at NYG 34 - No Play.","Box Score"
"","15.00","BAL","JAX","15","2023-12-17","3","4:22","4","7","(4:22) (Shotgun) PENALTY on BAL, Delay of Game, 5 yards, enforced at JAX 38 - No Play.","Box Score"
"","15.00","ATL","CAR","15","2023-12-17","1","5:21","4","11","(5:21) (Punt formation) PENALTY on ATL-29-M.Abernathy, False Start, 5 yards, enforced at ATL 33 - No Play.","Box Score"
"","15.00","SEA","PHI","15","2023-12-18","4","11:21","4","3","(11:21) (Shotgun) 2-D.Lock pass incomplete short right to 14-D.Metcalf. PENALTY on PHI-24-J.Bradberry, Defensive Pass Interference, 5 yards, enforced at PHI 31 - No Play.","Box Score"
"","15.00","SEA","PHI","15","2023-12-18","1","0:05","4","6","(:05) 4-M.Dickson punts 45 yards to PHI 12, Center-41-C.Stoll, downed by SEA-59-J.Rhattigan. PENALTY on SEA-59-J.Rhattigan, Illegal Bat, 10 yards, enforced at SEA 43 - No Play.","Box Score"
"","15.00","LA","WAS","15","2023-12-17","3","2:07","4","3","(2:07) (Shotgun) PENALTY on LA, Delay of Game, 5 yards, enforced at WAS 42 - No Play.","Box Score"
"","15.00","GB","TB","15","2023-12-17","2","2:41","4","6","(2:41) (Shotgun) PENALTY on GB, Delay of Game, 5 yards, enforced at TB 49 - No Play.","Box Score"
"","15.00","MIA","NYJ","15","2023-12-17","2","14:12","4","5","(14:12) (Run formation) PENALTY on MIA, Delay of Game, 5 yards, enforced at NYJ 14 - No Play.","Box Score"
"","15.00","BUF","DAL","15","2023-12-17","1","0:25","4","8","(:25) 8-S.Martin punts 46 yards to DAL 28, Center-69-R.Ferguson. 9-K.Turpin to DAL 24 for -4 yards (25-T.Dodson). PENALTY on DAL-54-S.Williams, Roughing the Kicker, 15 yards, enforced at BUF 26 - No Play.","Box Score"
"","15.00","DEN","DET","15","2023-12-16","3","0:50","4","1","(:50) 20-M.Burton up the middle for 1 yard, TOUCHDOWN NULLIFIED by Penalty. PENALTY on DEN-77-Q.Meinerz, Offensive Offside, 4 yards, enforced at DET 1 - No Play.","Box Score"
"","14.00","NO","CAR","14","2023-12-10","3","12:57","4","1","(12:57) (Run formation) PENALTY on CAR-99-S.Tuttle, Encroachment, 5 yards, enforced at NO 43 - No Play.","Box Score"
"","14.00","SEA","SF","14","2023-12-10","4","5:25","4","4","(5:25) (Shotgun) 2-D.Lock pass short left intended for 14-D.Metcalf INTERCEPTED by 2-D.Lenoir at SF 40. 2-D.Lenoir to SF 40 for no gain (14-D.Metcalf). PENALTY on SF-97-N.Bosa, Defensive Offside, 5 yards, enforced at 50 - No Play.","Box Score"
"","14.00","SEA","SF","14","2023-12-10","2","5:23","4","2","(5:23) (Run formation) PENALTY on SEA, Delay of Game, 5 yards, enforced at SF 47 - No Play.","Box Score"
"","14.00","SEA","SF","14","2023-12-10","1","1:13","4","12","(1:13) (Field Goal formation) PENALTY on SEA-78-S.Forsythe, False Start, 5 yards, enforced at SF 16 - No Play.","Box Score"
"","14.00","CLE","JAX","14","2023-12-10","4","6:08","4","6","(6:08) (Punt formation) PENALTY on JAX-96-A.Gotsis, Encroachment, 5 yards, enforced at CLE 47 - No Play.","Box Score"
"","14.00","CIN","IND","14","2023-12-10","2","12:39","4","9","(12:39) 2-E.McPherson 33 yard field goal is GOOD, NULLIFIED by Penalty, Center-48-C.Adomitis, Holder-10-B.Robbins. PENALTY on IND-96-T.Bryan, Leverage, 8 yards, enforced at IND 15 - No Play.","Box Score"
"","14.00","DET","CHI","14","2023-12-10","4","2:44","4","29","(2:44) (Shotgun) 16-J.Goff pass incomplete deep left to 14-A.St. Brown (29-T.Stevenson). PENALTY on CHI-94-R.Green, Defensive Offside, 5 yards, enforced at DET 33 - No Play.","Box Score"
"","14.00","LAC","DEN","14","2023-12-10","4","1:52","4","17","(1:52) (Shotgun) PENALTY on LAC, Delay of Game, 5 yards, enforced at LAC 44 - No Play.","Box Score"
"","14.00","DEN","LAC","14","2023-12-10","3","12:51","4","1","(12:51) (Shotgun) PENALTY on DEN, Delay of Game, 4 yards, enforced at DEN 34 - No Play.","Box Score"
"","14.00","MIA","TEN","14","2023-12-11","4","12:41","4","13","(12:41) 7-J.Sanders 31 yard field goal is GOOD, Center-44-B.Ferguson, Holder-16-J.Bailey. PENALTY on MIA-44-B.Ferguson, Unsportsmanlike Conduct, 15 yards, enforced between downs.","Box Score"
"","14.00","LA","BAL","14","2023-12-10","3","2:22","4","15","(2:22) (Punt formation) PENALTY on LA, Delay of Game, 5 yards, enforced at BAL 38 - No Play.","Box Score"
"","14.00","LA","BAL","14","2023-12-10","2","7:32","4","5","(7:32) 42-E.Evans punts 50 yards to BAL 20, Center-47-A.Ward. 13-D.Duvernay to BAL 35 for 15 yards (24-R.Freeman). LA-84-H.Long was injured during the play.  PENALTY on BAL-16-T.Wallace, Defensive Offside, 5 yards, enforced at LA 30 - No Play.","Box Score"
"","14.00","NYJ","HOU","14","2023-12-10","2","4:47","4","8","(4:47) (Punt formation) PENALTY on NYJ-52-S.Eguavoen, False Start, 5 yards, enforced at NYJ 47 - No Play.","Box Score"
"","14.00","DET","CHI","14","2023-12-10","2","14:12","4","10","(14:12) (Shotgun) 16-J.Goff pass deep right intended for 87-S.LaPorta INTERCEPTED by 33-J.Johnson at CHI 15. 33-J.Johnson to CHI 39 for 24 yards (14-A.St. Brown). FUMBLES (14-A.St. Brown), touched at CHI 40, ball out of bounds at 50. PENALTY on CHI-4-E.Jackson, Illegal Block Above the Waist, 10 yards, enforced at CHI 22.","Box Score"
"","14.00","PIT","NE","14","2023-12-07","4","5:06","4","3","(5:06) (Punt formation) PENALTY on PIT-46-C.Kuntz, False Start, 5 yards, enforced at PIT 38 - No Play.","Box Score"
"","14.00","CIN","IND","14","2023-12-10","2","0:24","4","5","(:24) (Punt formation) PENALTY on CIN-84-M.Wilcox, False Start, 5 yards, enforced at CIN 45 - No Play.","Box Score"
"","13.00","DAL","SEA","13","2023-11-30","2","1:40","4","3","(1:40) (Shotgun) 4-D.Prescott scrambles right end for 3 yards, TOUCHDOWN NULLIFIED by Penalty. PENALTY on DAL-78-T.Steele, Offensive Holding, 10 yards, enforced at SEA 3 - No Play.","Box Score"
"","13.00","LAC","NE","13","2023-12-03","3","3:31","4","12","(3:31) (Punt formation) PENALTY on LAC, Delay of Game, 5 yards, enforced at NE 36 - No Play.","Box Score"
"","13.00","HOU","DEN","13","2023-12-03","2","7:02","4","7","(7:02) 11-C.Johnston punts 58 yards to DEN 7, Center-46-J.Weeks. 19-M.Mims to DEN 6 for -1 yards (37-D.Ross). PENALTY on HOU-47-A.Beck, Face Mask, 15 yards, enforced at HOU 35 - No Play.","Box Score"
"","13.00","HOU","DEN","13","2023-12-03","1","3:56","4","2","(3:56) (Shotgun) PENALTY on DEN-49-A.Singleton, Unnecessary Roughness, 4 yards, enforced at DEN 7 - No Play. Penalty on HOU-78-L.Tunsil, False Start, superseded.","Box Score"
"","13.00","DAL","SEA","13","2023-11-30","2","1:33","4","13","(1:33) 17-B.Aubrey 31 yard field goal is GOOD, Center-44-T.Sieg, Holder-5-B.Anger. PENALTY on SEA-93-Ca.Young, Unnecessary Roughness, 15 yards, enforced between downs.","Box Score"
"","13.00","CLE","LA","13","2023-12-03","1","2:19","4","14","(2:19) (Punt formation) PENALTY on LA-59-T.Reeder, Encroachment, 5 yards, enforced at CLE 44 - No Play.","Box Score"
"","13.00","DET","NO","13","2023-12-03","3","0:07","4","4","(:07) (Run formation) PENALTY on DET, Delay of Game, 5 yards, enforced at NO 8 - No Play.","Box Score"
"","13.00","HOU","DEN","13","2023-12-03","2","7:14","4","2","(7:14) 11-C.Johnston punts 46 yards to DEN 14, Center-46-J.Weeks. 19-M.Mims to DEN 20 for 6 yards (46-J.Weeks). PENALTY on HOU-39-H.To'oTo'o, Illegal Formation, 5 yards, enforced at HOU 40 - No Play.","Box Score"
"","13.00","SEA","DAL","13","2023-11-30","1","1:01","4","5","(1:01) (Field Goal formation) PENALTY on SEA, Delay of Game, 6 yards, enforced at DAL 18 - No Play.","Box Score"
"","12.00","JAX","HOU","12","2023-11-26","4","11:38","4","1","(11:38) 16-T.Lawrence up the middle to HOU 28 for 2 yards (42-C.Littleton). PENALTY on JAX, Illegal Formation, 5 yards, enforced at HOU 30 - No Play.","Box Score"
"","12.00","NE","NYG","12","2023-11-26","4","0:06","4","5","(:06) 37-C.Ryland 35 yard field goal is No Good, Wide Left, Center-49-J.Cardona, Holder-17-B.Baringer. PENALTY on NYG-29-X.McKinney, Unsportsmanlike Conduct, 12 yards, enforced between downs.","Box Score"
"","12.00","ARI","LA","12","2023-11-26","4","6:29","4","3","(6:29) (No Huddle, Shotgun) 1-K.Murray pass incomplete deep left to 4-R.Moore. PENALTY on LA-2-R.Yeast, Defensive Holding, 5 yards, enforced at LA 25 - No Play.","Box Score"
"","12.00","HOU","JAX","12","2023-11-26","1","12:09","4","4","(12:09) (Punt formation) PENALTY on HOU, Delay of Game, 6 yards, enforced at HOU 47 - No Play.","Box Score"
"","12.00","ARI","LA","12","2023-11-26","4","2:00","4","12","(2:00) (Shotgun) 1-K.Murray pass deep middle intended for 83-G.Dortch INTERCEPTED by 6-T.Tomlinson at 50. 6-T.Tomlinson pushed ob at ARI 1 for 49 yards (70-P.Johnson). PENALTY on LA-6-T.Tomlinson, Illegal Contact, 5 yards, enforced at ARI 28 - No Play.","Box Score"
"","12.00","MIN","CHI","12","2023-11-27","4","2:36","4","10","(2:36) (Punt formation) PENALTY on MIN, Delay of Game, 5 yards, enforced at CHI 43 - No Play.","Box Score"
"","12.00","CIN","PIT","12","2023-11-26","1","1:42","4","4","(1:42) (Shotgun) PENALTY on CIN, Delay of Game, 5 yards, enforced at PIT 44 - No Play.","Box Score"
"","12.00","ATL","NO","12","2023-11-26","1","12:19","4","5","(12:19) (Punt formation) PENALTY on ATL-49-L.McCullough, False Start, 5 yards, enforced at ATL 40 - No Play.","Box Score"
"","12.00","NYG","NE","12","2023-11-26","2","14:13","4","7","(14:13) (Shotgun) PENALTY on NYG, Delay of Game, 5 yards, enforced at NE 35 - No Play.","Box Score"
"","12.00","NYJ","MIA","12","2023-11-24","4","12:48","4","2","(12:48) (No Huddle, Shotgun) PENALTY on NYJ-67-C.Warren, False Start, 5 yards, enforced at NYJ 46 - No Play.","Box Score"
"","12.00","SF","SEA","12","2023-11-23","4","15:00","4","3","(15:00) (Shotgun) PENALTY on SF-55-J.Feliciano, False Start, 5 yards, enforced at SEA 37 - No Play.","Box Score"
"","12.00","GB","DET","12","2023-11-23","4","11:59","4","5","(11:59) (Shotgun) PENALTY on GB, Delay of Game, 5 yards, enforced at DET 43 - No Play.","Box Score"
"","12.00","GB","DET","12","2023-11-23","2","0:41","4","6","(:41) (Shotgun) PENALTY on GB, Delay of Game, 5 yards, enforced at DET 45 - No Play.","Box Score"
"","12.00","DEN","CLE","12","2023-11-26","4","10:14","4","7","(10:14) (Punt formation) PENALTY on DEN-1-Tr.Smith, False Start, 5 yards, enforced at DEN 39 - No Play.","Box Score"
"","12.00","PHI","BUF","12","2023-11-26","1","2:08","4","1","(2:08) (Run formation) PENALTY on BUF-97-J.Phillips, Encroachment, 5 yards, enforced at BUF 47 - No Play.","Box Score"
"","12.00","LAC","BAL","12","2023-11-26","4","1:57","4","6","(1:57) (Shotgun) 10-J.Herbert pass incomplete short left [10-A.Maulet]. PENALTY on LAC-10-J.Herbert, Intentional Grounding, 10 yards, enforced at BAL 46.","Box Score"
"","11.00","CAR","DAL","11","2023-11-19","3","8:18","4","7","(8:18) 10-J.Hekker punts 54 yards to DAL 2, Center-44-J.Jansen, downed by CAR-29-D.Jamison. PENALTY on DAL-54-S.Williams, Running Into the Kicker, 5 yards, enforced at CAR 44 - No Play.","Box Score"
"","11.00","TEN","JAX","11","2023-11-19","2","14:05","4","5","(14:05) 4-R.Stonehouse punts 48 yards to JAX 10, Center-46-M.Cox, fair catch by 11-P.Washington. PENALTY on JAX-4-T.Bigsby, Defensive Offside, 4 yards, enforced at TEN 42 - No Play.","Box Score"
"","11.00","CIN","BAL","11","2023-11-16","2","1:38","4","3","(1:38) (Shotgun) PENALTY on CIN, Delay of Game, 5 yards, enforced at BAL 48 - No Play.","Box Score"
"","11.00","BUF","NYJ","11","2023-11-19","2","6:12","4","7","(6:12) (Shotgun) PENALTY on BUF, Delay of Game, 5 yards, enforced at NYJ 38 - No Play.","Box Score"
"","11.00","LV","MIA","11","2023-11-19","2","1:18","4","3","(1:18) (Punt formation) PENALTY on LV-36-C.Bolton, False Start, 5 yards, enforced at LV 32 - No Play.","Box Score"
"","11.00","WAS","NYG","11","2023-11-19","4","3:05","4","1","(3:05) 14-S.Howell left end to NYG 30 for no gain (30-D.Holmes; 19-I.Simmons). PENALTY on NYG-55-J.Ward, Defensive Offside, 5 yards, enforced at NYG 30 - No Play.","Box Score"
"","11.00","MIA","LV","11","2023-11-19","4","2:05","4","4","(2:05) (Run formation) PENALTY on MIA-58-C.Williams, False Start, 5 yards, enforced at LV 45 - No Play.","Box Score"
"","11.00","LAC","GB","11","2023-11-19","4","0:23","4","6","(:23) (Shotgun) PENALTY on GB-52-R.Gary, Defensive Offside, 5 yards, enforced at LAC 30 - No Play.","Box Score"
"","10.00","LAC","DET","10","2023-11-12","4","13:37","4","1","(13:37) (Shotgun) 10-J.Herbert pass incomplete short left to 1-Q.Johnston. PENALTY on DET-1-C.Sutton, Defensive Pass Interference, 0 yards, enforced at DET 1 - No Play.","Box Score"
"","10.00","SEA","WAS","10","2023-11-12","2","6:35","4","5","(6:35) 4-M.Dickson punts 52 yards to WAS 7, Center-41-C.Stoll. 83-J.Crowder to WAS 12 for 5 yards (59-J.Rhattigan). PENALTY on SEA-58-D.Hall, Ineligible Downfield Kick, 5 yards, enforced at SEA 41 - No Play.","Box Score"
"","10.00","SEA","WAS","10","2023-11-12","1","9:02","4","1","(9:02) (Run formation) PENALTY on SEA, Delay of Game, 5 yards, enforced at WAS 21 - No Play.","Box Score"
"","10.00","LV","NYJ","10","2023-11-12","4","1:00","4","5","(1:00) (Punt formation) PENALTY on LV, Delay of Game, 5 yards, enforced at LV 45 - No Play.","Box Score"
"","10.00","NO","MIN","10","2023-11-12","3","13:14","4","1","(13:14) (Shotgun) 67-L.Young reported in as eligible.  PENALTY on NO-70-T.Penning, False Start, 4 yards, enforced at NO 34 - No Play.","Box Score"
"","10.00","CIN","HOU","10","2023-11-12","2","3:11","4","1","(3:11) (Shotgun) PENALTY on CIN, Delay of Game, 5 yards, enforced at CIN 37 - No Play.","Box Score"
"","10.00","CAR","CHI","10","2023-11-09","3","14:04","4","9","(14:04) (Punt formation) PENALTY on CAR, Delay of Game, 5 yards, enforced at CAR 26 - No Play.","Box Score"
"","10.00","CLE","BAL","10","2023-11-12","2","7:53","4","12","(7:53) (Field Goal formation) PENALTY on BAL-14-K.Hamilton, Defensive Delay of Game, 5 yards, enforced at BAL 15 - No Play.","Box Score"
"","10.00","CHI","CAR","10","2023-11-09","1","2:38","4","7","(2:38) (Field Goal formation) PENALTY on CHI-65-C.Whitehair, False Start, 5 yards, enforced at CAR 31 - No Play.","Box Score"
"","10.00","CLE","BAL","10","2023-11-12","1","1:22","4","5","(1:22) (Punt formation) PENALTY on CLE, Delay of Game, 5 yards, enforced at CLE 30 - No Play.","Box Score"
"","10.00","BAL","CLE","10","2023-11-12","2","4:38","4","7","(4:38) (Punt formation) PENALTY on CLE, Defensive Too Many Men on Field, 5 yards, enforced at CLE 41 - No Play.","Box Score"
"","10.00","BAL","CLE","10","2023-11-12","2","4:38","4","2","(4:38) (Shotgun) 8-L.Jackson sacked at CLE 42 for -6 yards (94-D.Tomlinson). PENALTY on CLE-23-M.Emerson, Defensive Holding, 5 yards, enforced at CLE 36 - No Play.","Box Score"
"","10.00","SEA","WAS","10","2023-11-12","2","1:50","4","1","(1:50) (Run formation) PENALTY on SEA-7-G.Smith, False Start, 5 yards, enforced at WAS 10 - No Play.","Box Score"
"","10.00","SEA","WAS","10","2023-11-12","4","4:41","4","5","(4:41) (No Huddle, Shotgun) 7-G.Smith pass incomplete short middle to 14-D.Metcalf. PENALTY on WAS-25-B.St-Juste, Defensive Pass Interference, 6 yards, enforced at WAS 39 - No Play.","Box Score"
"","10.00","DEN","BUF","10","2023-11-13","4","0:07","4","16","(:07) 16-W.Lutz 41 yard field goal is No Good, Wide Right, Center-48-M.Fraboni, Holder-9-R.Dixon. PENALTY on BUF, Defensive Too Many Men on Field, 5 yards, enforced at BUF 23 - No Play.","Box Score"
"","9.00","ATL","MIN","9","2023-11-05","1","0:02","4","4","(:02) (Shotgun) 4-T.Heinicke pass short right to 84-C.Patterson to MIN 30 for 6 yards (5-M.Blackmon; 44-J.Metellus). PENALTY on ATL-15-V.Jefferson, Offensive Pass Interference, 10 yards, enforced at MIN 36 - No Play.","Box Score"
"","9.00","GB","LA","9","2023-11-05","2","7:47","4","1","(7:47) (No Huddle) 10-J.Love up the middle to LA 49 for 2 yards (4-J.Fuller). PENALTY on GB-76-J.Runyan, Offensive Offside, 4 yards, enforced at GB 49 - No Play.","Box Score"
"","9.00","GB","LA","9","2023-11-05","1","6:17","4","1","(6:17) (No Huddle) 10-J.Love up the middle to GB 42 for 1 yard (97-M.Hoecht). PENALTY on GB-76-J.Runyan, Offensive Offside, 5 yards, enforced at GB 41 - No Play.","Box Score"
"","9.00","CIN","BUF","9","2023-11-05","2","5:50","4","15","(5:50) (Field Goal formation) PENALTY on CIN-75-O.Brown, False Start, 5 yards, enforced at BUF 37 - No Play.","Box Score"
"","9.00","ARI","CLE","9","2023-11-05","3","5:50","4","5","(5:50) (Shotgun) PENALTY on ARI-74-D.Humphries, False Start, 5 yards, enforced at ARI 44 - No Play.","Box Score"
"","9.00","TEN","PIT","9","2023-11-02","4","0:53","4","7","(:53) (Shotgun) 8-W.Levis pass incomplete short middle to 10-D.Hopkins (97-C.Heyward). PENALTY on PIT-24-J.Porter, Defensive Holding, 5 yards, enforced at TEN 30 - No Play.","Box Score"
"","9.00","NYG","LV","9","2023-11-05","1","14:03","4","1","(14:03) (Run formation) PENALTY on NYG-73-E.Neal, False Start, 4 yards, enforced at NYG 29 - No Play.","Box Score"
"","9.00","WAS","NE","9","2023-11-05","4","2:41","4","2","(2:41) 5-T.Way punts 49 yards to NE 24, Center-54-C.Cheeseman. 81-D.Douglas ran ob at NE 43 for 19 yards (5-T.Way). Penalty on NE-14-T.Montgomery, Offensive Holding, declined. PENALTY on NE-3-M.Wilson, Defensive Offside, 5 yards, enforced at WAS 27 - No Play.","Box Score"
"","9.00","IND","CAR","9","2023-11-05","1","4:37","4","1","(4:37) 8-R.Sanchez punts 47 yards to CAR 26, Center-46-L.Rhodes, fair catch by 11-I.Smith-Marsette. PENALTY on CAR-46-E.Leota, Defensive Offside, 5 yards, enforced at IND 27 - No Play.","Box Score"
"","9.00","DAL","PHI","9","2023-11-05","4","11:55","4","1","(11:55) 4-D.Prescott up the middle to PHI 14 for 1 yard (31-K.Byard). PENALTY on PHI-31-K.Byard, Unnecessary Roughness, 7 yards, enforced at PHI 14. Philadelphia challenged the first down ruling, and the play was Upheld. The ruling on the field stands. (Timeout #1.)","Box Score"
"","9.00","GB","LA","9","2023-11-05","2","11:12","4","7","(11:12) (Shotgun) PENALTY on GB, Delay of Game, 5 yards, enforced at LA 38 - No Play.","Box Score"
"","9.00","LV","NYG","9","2023-11-05","1","4:19","4","4","(4:19) (Punt formation) PENALTY on LV-22-A.Abdullah, False Start, 5 yards, enforced at LV 40 - No Play.","Box Score"
"","9.00","NYG","LV","9","2023-11-05","3","1:45","4","1","(1:45) (Shotgun) PENALTY on NYG-82-D.Bellinger, False Start, 4 yards, enforced at LV 26 - No Play.","Box Score"
"","9.00","BAL","SEA","9","2023-11-05","3","9:27","4","1","(9:27) (No Huddle) PENALTY on SEA-55-D.Jones, Neutral Zone Infraction, 6 yards, enforced at BAL 48 - No Play.","Box Score"
"","8.00","NYG","NYJ","8","2023-10-29","4","7:21","4","5","(7:21) (Punt formation) PENALTY on NYJ-72-M.Clemons, Neutral Zone Infraction, 5 yards, enforced at NYG 8 - No Play.","Box Score"
"","8.00","NYG","NYJ","8","2023-10-29","2","1:17","4","8","(1:17) (Shotgun) PENALTY on NYG, Delay of Game, 6 yards, enforced at NYJ 39 - No Play.","Box Score"
"","8.00","NE","MIA","8","2023-10-29","4","2:00","4","14","(2:00) (Shotgun) 10-M.Jones pass incomplete deep middle to 81-D.Douglas (29-B.Jones) [92-Z.Sieler]. MIA-29-B.Jones was injured during the play. His return is Questionable.  PENALTY on NE-7-J.Smith-Schuster, Unsportsmanlike Conduct, 10 yards, enforced at NE 21.","Box Score"
"","8.00","NE","MIA","8","2023-10-29","2","13:44","4","16","(13:44) (Punt formation) PENALTY on NE-49-J.Cardona, False Start, 5 yards, enforced at NE 19 - No Play.","Box Score"
"","8.00","GB","MIN","8","2023-10-29","1","12:49","4","1","(12:49) (Punt formation) PENALTY on GB-35-C.Ballentine, False Start, 5 yards, enforced at GB 28 - No Play.","Box Score"
"","8.00","DEN","KC","8","2023-10-29","4","0:34","4","15","(:34) (Field Goal formation) PENALTY on KC-20-J.Reid, Neutral Zone Infraction, 5 yards, enforced at KC 15 - No Play.","Box Score"
"","8.00","CAR","HOU","8","2023-10-29","4","0:03","4","11","(:03) (Field Goal formation) PENALTY on HOU-4-T.Thomas, Unnecessary Roughness, 10 yards, enforced at HOU 20 - No Play. Penalty on HOU-4-T.Thomas, Defensive Offside, declined.","Box Score"
"","8.00","CLE","SEA","8","2023-10-29","2","6:35","4","2","(6:35) (Shotgun) 10-P.Walker pass incomplete short left to 2-A.Cooper. PENALTY on SEA-27-T.Woolen, Defensive Pass Interference, 6 yards, enforced at SEA 43 - No Play.","Box Score"
"","8.00","TEN","ATL","8","2023-10-29","3","7:32","4","3","(7:32) (Shotgun) 8-W.Levis pass short right to 16-T.Burks ran ob at ATL 40 for 2 yards. Penalty on TEN-10-D.Hopkins, Offensive Pass Interference, declined. The Replay Official reviewed the short of the line to gain ruling, and the play was REVERSED. (Shotgun) 8-W.Levis pass short right to 16-T.Burks ran ob at ATL 39 for 3 yards. PENALTY on TEN-10-D.Hopkins, Offensive Pass Interference, 9 yards, enforced at ATL 42 - No Play.","Box Score"
"","8.00","TB","BUF","8","2023-10-26","4","3:11","4","8","(3:11) (Shotgun) 6-B.Mayfield sacked at BUF 49 for -10 yards (97-J.Phillips). PENALTY on BUF-97-J.Phillips, Face Mask, 15 yards, enforced at BUF 39 - No Play.","Box Score"
"","8.00","BUF","TB","8","2023-10-26","4","10:14","4","2","(10:14) (Shotgun) PENALTY on BUF, Delay of Game, 5 yards, enforced at TB 44 - No Play.","Box Score"
"","8.00","TB","BUF","8","2023-10-26","2","0:19","4","3","(:19) (Field Goal formation) PENALTY on TB, Delay of Game, 5 yards, enforced at BUF 41 - No Play.","Box Score"
"","8.00","BAL","ARI","8","2023-10-29","2","7:40","4","3","(7:40) (Punt formation) PENALTY on BAL-40-M.Harrison, False Start, 5 yards, enforced at BAL 43 - No Play.","Box Score"
"","8.00","BUF","TB","8","2023-10-26","4","14:12","4","4","(14:12) (Shotgun) PENALTY on BUF, Delay of Game, 5 yards, enforced at TB 42 - No Play.","Box Score"
"","8.00","TB","BUF","8","2023-10-26","4","4:14","4","10","(4:14) (Shotgun) 6-B.Mayfield pass incomplete short right to 14-C.Godwin. PENALTY on BUF-7-Ta.Johnson, Illegal Contact, 5 yards, enforced at BUF 46 - No Play.","Box Score"
"","8.00","DET","LV","8","2023-10-30","4","11:22","4","1","(11:22) 16-J.Goff up the middle to LV 40 for 2 yards (69-A.Butler). PENALTY on LV-98-M.Crosby, Defensive Offside, 6 yards, enforced at LV 42 - No Play.","Box Score"
"","8.00","DET","LV","8","2023-10-30","2","12:35","4","8","(12:35) (Shotgun) PENALTY on DET, Delay of Game, 5 yards, enforced at LV 8 - No Play.","Box Score"
"","8.00","PHI","WAS","8","2023-10-29","3","10:21","4","3","(10:21) (Shotgun) 1-J.Hurts pass incomplete deep left to 11-A.Brown. PENALTY on WAS-25-B.St-Juste, Defensive Pass Interference, 31 yards, enforced at WAS 32 - No Play. Penalty on WAS-25-B.St-Juste, Illegal Use of Hands, declined.","Box Score"
"","8.00","IND","NO","8","2023-10-29","1","7:05","4","6","(7:05) 7-M.Gay 33 yard field goal is GOOD, NULLIFIED by Penalty, Center-46-L.Rhodes, Holder-8-R.Sanchez. PENALTY on NO-90-B.Bresee, Illegal Formation, 5 yards, enforced at NO 15 - No Play.","Box Score"
"","8.00","IND","NO","8","2023-10-29","1","7:21","4","1","(7:21) (No Huddle) PENALTY on IND, Delay of Game, 5 yards, enforced at NO 10 - No Play.","Box Score"
"","8.00","ARI","BAL","8","2023-10-29","4","1:20","4","1","(1:20) (No Huddle, Shotgun) PENALTY on BAL-99-O.Oweh, Defensive Offside, 2 yards, enforced at BAL 3 - No Play.","Box Score"
"","7.00","MIA","PHI","7","2023-10-22","3","10:28","4","13","(10:28) (Punt formation) PENALTY on MIA-22-E.Campbell, False Start, 5 yards, enforced at PHI 45 - No Play.","Box Score"
"","7.00","DEN","GB","7","2023-10-22","4","0:06","4","4","(:06) (Pass formation) PENALTY on DEN, Delay of Game, 5 yards, enforced at DEN 32 - No Play.","Box Score"
"","7.00","ATL","TB","7","2023-10-22","1","2:15","4","4","(2:15) (Punt formation) PENALTY on ATL-29-M.Abernathy, False Start, 5 yards, enforced at ATL 31 - No Play.","Box Score"
"","7.00","ARI","SEA","7","2023-10-22","2","0:02","4","19","(:02) (Shotgun) PENALTY on ARI-72-H.Froholdt, False Start, 5 yards, enforced at SEA 44 - No Play.","Box Score"
"","7.00","GB","DEN","7","2023-10-22","1","2:40","4","7","(2:40) (Shotgun) PENALTY on GB-71-J.Myers, False Start, 5 yards, enforced at DEN 46 - No Play.","Box Score"
"","7.00","DET","BAL","7","2023-10-22","2","0:21","4","15","(:21) (Shotgun) 16-J.Goff pass deep middle to 14-A.St. Brown to BAL 15 for 25 yards (10-A.Maulet). PENALTY on DET-58-P.Sewell, Offensive Holding, 10 yards, enforced at BAL 40 - No Play.","Box Score"
"","7.00","IND","CLE","7","2023-10-22","2","1:26","4","13","(1:26) (Punt formation) PENALTY on CLE-42-T.Fields, Neutral Zone Infraction, 5 yards, enforced at IND 17 - No Play.","Box Score"
"","7.00","NE","BUF","7","2023-10-22","2","13:14","4","1","(13:14) (Punt formation) PENALTY on NE-41-B.Schooler, False Start, 4 yards, enforced at NE 34 - No Play.","Box Score"
"","6.00","MIN","CHI","6","2023-10-15","3","8:26","4","6","(8:26) (Punt formation) PENALTY on CHI-55-D.Cole, Neutral Zone Infraction, 5 yards, enforced at MIN 9 - No Play.","Box Score"
"","6.00","ARI","LA","6","2023-10-15","4","3:38","4","13","(3:38) (Shotgun) PENALTY on LA-99-A.Donald, Neutral Zone Infraction, 5 yards, enforced at ARI 48 - No Play.","Box Score"
"","6.00","DAL","LAC","6","2023-10-16","2","9:49","4","4","(9:49) 5-B.Anger punts 55 yards to LAC 27, Center-44-T.Sieg. 24-A.Finley to LAC 27 for no gain (18-J.Tolbert). PENALTY on DAL-91-T.Wheat, Illegal Formation, 5 yards, enforced at DAL 18 - No Play.","Box Score"
"","6.00","NYJ","PHI","6","2023-10-15","3","7:33","4","13","(7:33) (Punt formation) PENALTY on NYJ, Delay of Game, 5 yards, enforced at PHI 39 - No Play.","Box Score"
"","6.00","NO","HOU","6","2023-10-15","2","0:22","4","9","(:22) (Field Goal formation) PENALTY on NO-73-M.Garcia, False Start, 5 yards, enforced at HOU 24 - No Play.","Box Score"
"","6.00","ARI","LA","6","2023-10-15","2","7:31","4","1","(7:31) 9-J.Dobbs up the middle to LA 35 for 1 yard (91-K.Turner; 99-A.Donald). PENALTY on ARI-65-E.Wilkinson, Offensive Offside, 4 yards, enforced at LA 36 - No Play.","Box Score"
"","6.00","LV","NE","6","2023-10-15","1","8:33","4","11","(8:33) 2-D.Carlson 42 yard field goal is GOOD, NULLIFIED by Penalty, Center-50-J.Bobenmoyer, Holder-6-A.Cole. PENALTY on NE-96-S.Roberts, Leverage, 12 yards, enforced at NE 23 - No Play.","Box Score"
"","6.00","CLE","SF","6","2023-10-15","4","13:27","4","1","(13:27) (Punt formation) PENALTY on CLE, Delay of Game, 5 yards, enforced at CLE 43 - No Play.","Box Score"
"","6.00","CIN","SEA","6","2023-10-15","1","6:12","4","2","(6:12) (Shotgun) PENALTY on SEA-90-Ja.Reed, Neutral Zone Infraction, 4 yards, enforced at SEA 46 - No Play.","Box Score"
"","6.00","PHI","NYJ","6","2023-10-15","3","11:33","4","19","(11:33) 10-B.Mann punts 36 yards to NYJ 17, Center-45-R.Lovato, fair catch by 18-R.Cobb. PENALTY on NYJ-44-J.Sherwood, Running Into the Kicker, 5 yards, enforced at PHI 47 - No Play.","Box Score"
"","6.00","MIN","CHI","6","2023-10-15","4","0:01","4","9","(:01) (Run formation) PENALTY on MIN, Delay of Game, 5 yards, enforced at CHI 43 - No Play.","Box Score"
"","5.00","NYG","MIA","5","2023-10-08","2","7:25","4","1","(7:25) 8-D.Jones up the middle to MIA 44 for 1 yard (94-C.Wilkins; 98-R.Davis). PENALTY on MIA-25-X.Howard, Illegal Substitution, 5 yards, enforced at MIA 45 - No Play.","Box Score"
"","5.00","LV","GB","5","2023-10-09","4","7:10","4","8","(7:10) (Punt formation) PENALTY on LV, Delay of Game, 5 yards, enforced at LV 44 - No Play.","Box Score"
"","5.00","IND","TEN","5","2023-10-08","1","12:04","4","4","(12:04) (No Huddle, Shotgun) PENALTY on IND, Delay of Game, 5 yards, enforced at TEN 49 - No Play.","Box Score"
"","5.00","IND","TEN","5","2023-10-08","4","13:26","4","2","(13:26) (Run formation) PENALTY on IND, Delay of Game, 5 yards, enforced at TEN 12 - No Play.","Box Score"
"","5.00","NYG","MIA","5","2023-10-08","4","3:19","4","2","(3:19) (No Huddle, Shotgun) 2-T.Taylor sacked at NYG 38 for -13 yards (43-A.Van Ginkel). PENALTY on MIA-25-X.Howard, Illegal Contact, 5 yards, enforced at MIA 49 - No Play.","Box Score"
"","5.00","NO","NE","5","2023-10-08","4","5:47","4","7","(5:47) (Shotgun) PENALTY on NO, Delay of Game, 5 yards, enforced at NE 30 - No Play.","Box Score"
"","5.00","KC","MIN","5","2023-10-08","4","9:05","4","1","(9:05) (Run formation) PENALTY on KC, Delay of Game, 5 yards, enforced at KC 47 - No Play.","Box Score"
"","5.00","ATL","HOU","5","2023-10-08","1","2:22","4","5","(2:22) (Punt formation) PENALTY on ATL-33-T.Flowers, False Start, 5 yards, enforced at ATL 46 - No Play. Penalty on ATL-37-D.Hellams, False Start, declined.","Box Score"
"","5.00","CIN","ARI","5","2023-10-08","2","0:01","4","12","(:01) (Punt formation) PENALTY on CIN, Delay of Game, 5 yards, enforced at CIN 37 - No Play.","Box Score"
"","5.00","DET","CAR","5","2023-10-08","3","8:43","4","16","(8:43) (Punt formation) PENALTY on DET-47-S.Daly, False Start, 5 yards, enforced at CAR 38 - No Play.","Box Score"
"","5.00","BAL","PIT","5","2023-10-08","4","0:20","4","7","(:20) (Shotgun) 8-L.Jackson sacked at BAL 22 for -6 yards (90-T.Watt). PENALTY on PIT-90-T.Watt, Unsportsmanlike Conduct, 15 yards, enforced between downs.","Box Score"
"","5.00","GB","LV","5","2023-10-09","1","10:28","4","3","(10:28) (Shotgun) PENALTY on GB, Delay of Game, 5 yards, enforced at LV 47 - No Play.","Box Score"
"","5.00","NO","NE","5","2023-10-08","1","10:39","4","19","(10:39) 39-L.Hedley punts 46 yards to NE 8, Center-49-Z.Wood, downed by NO-27-I.Yiadom. PENALTY on NO, Illegal Formation, 5 yards, enforced at NO 46 - No Play.","Box Score"
"","5.00","MIN","KC","5","2023-10-08","4","4:54","4","7","(4:54) (Shotgun) PENALTY on MIN, Delay of Game, 5 yards, enforced at KC 19 - No Play.","Box Score"
"","5.00","KC","MIN","5","2023-10-08","3","6:05","4","1","(6:05) 77-L.Niang reported in as eligible.  15-P.Mahomes pass incomplete deep right to 11-M.Valdes-Scantling (22-H.Smith). PENALTY on MIN-22-H.Smith, Defensive Pass Interference, 31 yards, enforced at MIN 48 - No Play.","Box Score"
"","5.00","DET","CAR","5","2023-10-08","3","10:56","4","1","(10:56) (Run formation) PENALTY on CAR-91-N.Thurman, Neutral Zone Infraction, 5 yards, enforced at CAR 37 - No Play.","Box Score"
"","5.00","CAR","DET","5","2023-10-08","1","11:07","4","4","(11:07) (Punt formation) PENALTY on CAR-57-C.Wooten, False Start, 5 yards, enforced at DET 39 - No Play.","Box Score"
"","4.00","SEA","NYG","4","2023-10-02","2","0:38","4","3","(:38) 4-M.Dickson punts 51 yards to NYG 31, Center-41-C.Stoll, fair catch by 22-A.Jackson. PENALTY on NYG-47-C.Brown, Defensive Holding, 5 yards, enforced at SEA 18 - No Play. Penalty on NYG-23-G.Brightwell, Running Into the Kicker, declined.","Box Score"
"","4.00","NE","DAL","4","2023-10-01","1","6:44","4","1","(6:44) (Field Goal formation) PENALTY on NE, Delay of Game, 5 yards, enforced at DAL 6 - No Play.","Box Score"
"","4.00","IND","LA","4","2023-10-01","2","1:50","4","5","(1:50) (Shotgun) PENALTY on IND-11-M.Pittman, False Start, 5 yards, enforced at LA 24 - No Play.","Box Score"
"","4.00","ARI","SF","4","2023-10-01","1","13:34","4","2","(13:34) (Punt formation) PENALTY on ARI-44-O.Pappoe, False Start, 5 yards, enforced at ARI 33 - No Play.","Box Score"
"","4.00","GB","DET","4","2023-09-28","1","7:21","4","16","(7:21) (Punt formation) PENALTY on GB-55-K.Enagbare, False Start, 5 yards, enforced at GB 14 - No Play.","Box Score"
"","4.00","DET","GB","4","2023-09-28","4","8:13","4","3","(8:13) 36-R.Patterson 30 yard field goal is GOOD, NULLIFIED by Penalty, Center-47-S.Daly, Holder-3-J.Fox. PENALTY on GB-7-Q.Walker, Leaping, 6 yards, enforced at GB 12 - No Play.","Box Score"
"","4.00","PHI","WAS","4","2023-10-01","2","10:36","4","1","(10:36) 1-J.Hurts up the middle to 50 for 1 yard (57-C.Barton). PENALTY on PHI-69-L.Dickerson, Offensive Offside, 4 yards, enforced at PHI 49 - No Play.","Box Score"
"","4.00","TB","NO","4","2023-10-01","3","8:12","4","1","(8:12) (Run formation) PENALTY on TB-6-B.Mayfield, Delay of Game, 4 yards, enforced at TB 32 - No Play.","Box Score"
"","4.00","MIA","BUF","4","2023-10-01","4","5:41","4","23","(5:41) (Shotgun) 1-T.Tagovailoa pass incomplete short left to 26-S.Ahmed. PENALTY on BUF-90-S.Lawson, Defensive Offside, 5 yards, enforced at BUF 42 - No Play.","Box Score"
"","4.00","IND","LA","4","2023-10-01","1","8:40","4","7","(8:40) (Punt formation) PENALTY on IND, Delay of Game, 5 yards, enforced at IND 39 - No Play.","Box Score"
"","4.00","CHI","DEN","4","2023-10-01","2","0:21","4","5","(:21) (Shotgun) PENALTY on CHI-62-L.Patrick, False Start, 5 yards, enforced at DEN 48 - No Play.","Box Score"
"","4.00","BAL","CLE","4","2023-10-01","4","2:22","4","8","(2:22) (Punt formation) PENALTY on BAL-80-I.Likely, False Start, 5 yards, enforced at BAL 37 - No Play.","Box Score"
"","4.00","CLE","BAL","4","2023-10-01","4","13:30","4","7","(13:30) (Shotgun) PENALTY on CLE-79-D.Jones, False Start, 5 yards, enforced at CLE 20 - No Play.","Box Score"
"","4.00","CLE","BAL","4","2023-10-01","4","13:30","4","12","(13:30) (Punt formation) PENALTY on BAL, Defensive Too Many Men on Field, 5 yards, enforced at CLE 15 - No Play.","Box Score"
"","3.00","CAR","SEA","3","2023-09-24","4","4:57","4","2","(4:57) (Shotgun) 14-A.Dalton pass short right to 6-M.Sanders pushed ob at SEA 46 for 14 yards (6-Q.Diggs). PENALTY on CAR, Illegal Shift, 5 yards, enforced at CAR 40 - No Play.","Box Score"
"","3.00","CLE","TEN","3","2023-09-24","3","9:01","4","2","(9:01) (Shotgun) 4-D.Watson pass incomplete short right to 2-A.Cooper. PENALTY on TEN-0-S.Murphy-Bunting, Defensive Holding, 5 yards, enforced at TEN 39 - No Play.","Box Score"
"","3.00","LV","PIT","3","2023-09-24","4","3:15","4","5","(3:15) 2-D.Carlson 48 yard field goal is GOOD, NULLIFIED by Penalty, Center-50-J.Bobenmoyer, Holder-6-A.Cole. PENALTY on PIT-98-D.Leal, Leverage, 15 yards, enforced at PIT 29 - No Play.","Box Score"
"","3.00","LV","PIT","3","2023-09-24","4","3:15","4","1","(3:15) (No Huddle) PENALTY on LV-68-A.James, False Start, 4 yards, enforced at PIT 25 - No Play.","Box Score"
"","3.00","IND","BAL","3","2023-09-24","2","3:30","4","7","(3:30) (Shotgun) PENALTY on IND, Delay of Game, 5 yards, enforced at BAL 7 - No Play.","Box Score"
"","3.00","CAR","SEA","3","2023-09-24","4","8:13","4","14","(8:13) (Punt formation) PENALTY on CAR-57-C.Wooten, False Start, 5 yards, enforced at SEA 49 - No Play.","Box Score"
"","3.00","CLE","TEN","3","2023-09-24","4","1:13","4","1","(1:13) (Punt formation) PENALTY on CLE, Delay of Game, 5 yards, enforced at CLE 42 - No Play.","Box Score"
"","3.00","NO","GB","3","2023-09-24","3","6:26","4","6","(6:26) (Shotgun) PENALTY on NO, Delay of Game, 5 yards, enforced at GB 37 - No Play.","Box Score"
"","3.00","NYJ","NE","3","2023-09-24","1","7:23","4","15","(7:23) (Punt formation) PENALTY on NYJ-48-N.Bawden, False Start, 5 yards, enforced at NYJ 35 - No Play.","Box Score"
"","3.00","JAX","HOU","3","2023-09-24","2","5:10","4","1","(5:10) (Shotgun) 16-T.Lawrence pass short right to 0-C.Ridley to HOU 33 for 12 yards (1-J.Ward). PENALTY on JAX-68-B.Scherff, Illegal Use of Hands, 10 yards, enforced at HOU 45 - No Play.","Box Score"
"","3.00","ARI","DAL","3","2023-09-24","2","2:00","4","5","(2:00) 5-M.Prater 51 yard field goal is GOOD, NULLIFIED by Penalty, Center-46-A.Brewer, Holder-16-N.Cooney. PENALTY on DAL-30-J.Thomas, Defensive Offside, 5 yards, enforced at DAL 32 - No Play.","Box Score"
"","2.00","CAR","NO","2","2023-09-18","3","9:26","4","1","(9:26) (Run formation) PENALTY on CAR-68-C.Mays, False Start, 4 yards, enforced at NO 32 - No Play.","Box Score"
"","2.00","WAS","DEN","2","2023-09-17","2","1:52","4","4","(1:52) (Shotgun) 14-S.Howell pass short middle to 82-L.Thomas for 4 yards, TOUCHDOWN. WAS-82-L.Thomas was injured during the play.  PENALTY on DEN-22-K.Jackson, Disqualification, 1 yard, enforced between downs.","Box Score"
"","2.00","LAC","TEN","2","2023-09-17","2","10:13","4","1","(10:13) 12-D.Davis left end pushed ob at TEN 28 for 10 yards (2-A.Al-Shaair). PENALTY on TEN-2-A.Al-Shaair, Horse Collar Tackle, 14 yards, enforced at TEN 28.","Box Score"
"","2.00","HOU","IND","2","2023-09-17","4","2:44","4","13","(2:44) (Field Goal formation) 15-K.Fairbairn 46 yard field goal is BLOCKED (54-D.Odeyingbo), Center-46-J.Weeks, Holder-16-T.Zentner. PENALTY on HOU-93-K.Hinish, False Start, 5 yards, enforced at IND 28 - No Play.","Box Score"
"","2.00","HOU","IND","2","2023-09-17","3","11:38","4","1","(11:38) 7-C.Stroud left tackle to IND 46 for 3 yards (45-E.Speed). FUMBLES (45-E.Speed), RECOVERED by IND-32-J.Blackmon at IND 47. 32-J.Blackmon for 53 yards, TOUCHDOWN. The Replay Official reviewed the fumble ruling, and the play was REVERSED. 7-C.Stroud left tackle to IND 48 for 1 yard (45-E.Speed). PENALTY on IND, Defensive Too Many Men on Field, 5 yards, enforced at IND 49 - No Play.","Box Score"
"","2.00","ATL","GB","2","2023-09-17","1","3:53","4","1","(3:53) (Shotgun) PENALTY on ATL-65-M.Bergeron, False Start, 5 yards, enforced at GB 1 - No Play.","Box Score"
"","2.00","GB","ATL","2","2023-09-17","1","14:02","4","12","(14:02) (Field Goal formation) PENALTY on GB, Delay of Game, 5 yards, enforced at ATL 33 - No Play.","Box Score"
"","2.00","PHI","MIN","2","2023-09-14","4","0:15","4","5","(:15) (Shotgun) PENALTY on PHI-88-D.Goedert, False Start, 5 yards, enforced at MIN 44 - No Play.","Box Score"
"","2.00","LAC","TEN","2","2023-09-17","2","8:24","4","4","(8:24) (Shotgun) 10-J.Herbert pass short left to 13-K.Allen for 8 yards, TOUCHDOWN [49-A.Key]. PENALTY on TEN-98-J.Simmons, Roughing the Passer, 1 yard, enforced between downs. Penalty on TEN-23-T.Avery, Defensive Pass Interference, declined.","Box Score"
"","2.00","LA","SF","2","2023-09-17","3","10:23","4","2","(10:23) (Run formation) PENALTY on LA, Delay of Game, 5 yards, enforced at SF 49 - No Play.","Box Score"
"","2.00","GB","ATL","2","2023-09-17","4","6:18","4","1","(6:18) (No Huddle) PENALTY on GB-10-J.Love, False Start, 4 yards, enforced at GB 34 - No Play.","Box Score"
"","2.00","NYJ","DAL","2","2023-09-17","4","3:12","4","5","(3:12) (Shotgun) 2-Z.Wilson pass incomplete short middle to 17-G.Wilson. PENALTY on DAL-26-D.Bland, Defensive Pass Interference, 6 yards, enforced at NYJ 47 - No Play.","Box Score"
"","2.00","NYJ","DAL","2","2023-09-17","4","7:25","4","4","(7:25) (Shotgun) 2-Z.Wilson pass incomplete short right to 10-A.Lazard. PENALTY on DAL-21-S.Gilmore, Defensive Pass Interference, 10 yards, enforced at NYJ 31 - No Play.","Box Score"
"","1.00","NE","PHI","1","2023-09-10","4","2:24","4","12","(2:24) (Shotgun) PENALTY on NE, Delay of Game, 5 yards, enforced at PHI 43 - No Play.","Box Score"
"","1.00","CIN","CLE","1","2023-09-10","1","7:10","4","1","(7:10) (Punt formation) PENALTY on CIN-59-A.Davis-Gaither, False Start, 5 yards, enforced at CIN 23 - No Play.","Box Score"
"","1.00","DEN","LV","1","2023-09-10","4","13:41","4","14","(13:41) 9-R.Dixon punts 44 yards to LV 13, Center-48-M.Fraboni, fair catch by 3-D.Carter. PENALTY on LV-59-L.Masterson, Roughing the Kicker, 15 yards, enforced at DEN 43 - No Play.","Box Score"
"","1.00","KC","DET","1","2023-09-07","4","2:09","4","20","(2:09) (Shotgun) PENALTY on KC-74-J.Taylor, False Start, 5 yards, enforced at KC 35 - No Play.","Box Score"
"","1.00","PHI","NE","1","2023-09-10","2","2:47","4","14","(2:47) 10-A.Siposs punts 52 yards to NE 27, Center-45-R.Lovato, fair catch by 25-Ma.Jones. PENALTY on PHI-48-P.Johnson, Ineligible Downfield Kick, 5 yards, enforced at PHI 21 - No Play.","Box Score"
"","1.00","DEN","LV","1","2023-09-10","2","8:30","4","1","(8:30) (No Huddle) PENALTY on LV-90-J.Tillery, Neutral Zone Infraction, 5 yards, enforced at DEN 45 - No Play.","Box Score"
"","1.00","GB","CHI","1","2023-09-10","2","2:28","4","4","(2:28) (Shotgun) PENALTY on GB, Delay of Game, 5 yards, enforced at CHI 43 - No Play.","Box Score"
"","1.00","TB","MIN","1","2023-09-10","3","6:47","4","2","(6:47) 4-C.McLaughlin 31 yard field goal is GOOD, NULLIFIED by Penalty, Center-97-Z.Triner, Holder-5-J.Camarda. PENALTY on MIN-20-J.Ward, Defensive Offside, 5 yards, enforced at MIN 13 - No Play.","Box Score"
"","1.00","TB","MIN","1","2023-09-10","2","9:49","4","4","(9:49) (Punt formation) PENALTY on TB, Delay of Game, 5 yards, enforced at TB 24 - No Play.","Box Score"
"","1.00","SF","PIT","1","2023-09-10","3","7:14","4","15","(7:14) (Punt formation) PENALTY on SF-0-S.Womack, False Start, 5 yards, enforced at SF 45 - No Play.","Box Score"
"","1.00","PIT","SF","1","2023-09-10","1","3:16","4","8","(3:16) (Punt formation) PENALTY on PIT-50-E.Roberts, False Start, 5 yards, enforced at PIT 34 - No Play.","Box Score"
"","1.00","SF","PIT","1","2023-09-10","1","4:48","4","12","(4:48) 4-J.Moody 46 yard field goal is BLOCKED (20-P.Peterson), Center-46-T.Pepper, Holder-18-M.Wishnowsky, recovered by SF-18-M.Wishnowsky at PIT 36. 18-M.Wishnowsky pushed ob at PIT 19 for 17 yards (50-E.Roberts). PENALTY on PIT-20-P.Peterson, Defensive Offside, 5 yards, enforced at PIT 28 - No Play.","Box Score"
"","1.00","CLE","CIN","1","2023-09-10","2","5:55","4","1","(5:55) (Run formation) PENALTY on CLE, Delay of Game, 5 yards, enforced at CLE 40 - No Play.","Box Score"
"","1.00","BAL","HOU","1","2023-09-10","2","2:01","4","9","(2:01) (Punt formation) PENALTY on BAL-80-I.Likely, False Start, 5 yards, enforced at BAL 44 - No Play.","Box Score"
"","1.00","HOU","BAL","1","2023-09-10","1","11:06","4","6","(11:06) 16-T.Zentner punts 43 yards to BAL 15, Center-46-J.Weeks, fair catch by 13-D.Duvernay. PENALTY on BAL-29-A.Washington, Running Into the Kicker, 5 yards, enforced at HOU 42 - No Play.","Box Score"
"","1.00","WAS","ARI","1","2023-09-10","4","0:07","4","10","(:07) (Punt formation) PENALTY on WAS, Delay of Game, 5 yards, enforced at ARI 36 - No Play.","Box Score"